id,year,mileage,engine_size,horsepower,doors,brand,fuel_type,transmission,accident_history,condition,price
1,2010,199393,2.1,184,4,Honda,Petrol,Automatic,None,Good,21679.0
2,2010,152127,1.8,402,4,BMW,Petrol,Automatic,None,Fair,44362.0
3,2023,94194,2.1,180,5,Ford,Petrol,Manual,None,Fair,35901.0
4,2013,104230,1.3,220,4,Nissan,Diesel,Automatic,None,Good,27066.0
5,2017,207655,2.2,110,5,Toyota,Hybrid,Automatic,None,Fair,32638.0
6,2012,164680,3.5,343,4,Mercedes,Petrol,Automatic,Major,Good,47159.0
7,2017,184467,2.3,98,4,Volkswagen,Petrol,Automatic,None,Good,36411.0
8,2016,176819,3.0,399,4,Hyundai,Petrol,Manual,None,Good,39500.0
9,2023,157969,2.6,182,5,Chevrolet,Petrol,Automatic,Minor,Fair,36213.0
10,2012,105864,2.5,309,4,Kia,Electric,Automatic,None,Good,39571.0
11,2018,206483,3.6,127,4,Volkswagen,Petrol,Manual,Minor,Good,35008.0
12,2013,168918,2.2,397,4,Volkswagen,Petrol,Automatic,None,Poor,33106.0
13,2010,162009,2.3,79,4,Volkswagen,Petrol,Automatic,Minor,Good,16035.0
14,2012,196865,2.9,105,5,Honda,Petrol,Manual,None,Fair,22041.0
15,2018,143326,4.5,286,5,Ford,Electric,Automatic,None,Good,48294.0
16,2024,140679,2.8,196,4,Hyundai,Petrol,Automatic,None,Good,45152.0
17,2011,65015,1.3,86,5,Honda,Petrol,Manual,None,Good,27394.0
18,2025,68700,4.1,278,4,Chevrolet,Petrol,Automatic,None,Good,61659.0
19,2013,20889,2.6,243,4,Toyota,Petrol,Manual,None,Excellent,44794.0
20,2024,216818,4.4,351,4,Honda,Diesel,Automatic,None,Excellent,60232.0
21,2015,111539,2.9,179,5,BMW,Electric,Manual,None,Good,58260.0
22,2023,187607,4.8,354,4,Mercedes,Petrol,Manual,None,Excellent,70072.0
23,2011,201077,2.3,95,4,Volkswagen,Petrol,Automatic,None,Poor,14643.0
24,2012,182002,4.4,276,4,Chevrolet,Electric,Manual,None,Good,38565.0
25,2020,73358,1.8,436,4,Kia,Petrol,Manual,None,Good,57111.0
26,2024,167833,5.0,121,2,Toyota,Petrol,Manual,Major,Fair,31321.0
27,2021,79707,1.6,348,4,BMW,Diesel,Automatic,None,Excellent,69875.0
28,2014,74328,1.5,124,4,Honda,Petrol,Automatic,None,Good,29605.0
29,2025,70829,4.6,96,4,Mercedes,Petrol,Manual,None,Fair,59825.0
30,2023,152038,1.0,108,5,Nissan,Hybrid,Manual,None,Good,32068.0
31,2014,117666,1.5,227,4,Volkswagen,Electric,Automatic,None,Good,37683.0
32,2023,167702,4.0,191,5,Hyundai,Electric,Automatic,Minor,Excellent,43769.0
33,2023,215301,3.7,446,4,Hyundai,Petrol,Automatic,None,Fair,51011.0
34,2021,85003,4.3,186,4,Nissan,Diesel,Automatic,None,Excellent,48375.0
35,2021,173160,3.0,417,5,Mercedes,Petrol,Automatic,None,Poor,65391.0
36,2011,33417,3.4,246,4,Mercedes,Petrol,Automatic,None,Good,59210.0
37,2016,71773,1.2,293,2,Chevrolet,Electric,Automatic,Minor,Good,41706.0
38,2020,168356,2.3,133,4,Honda,Petrol,Automatic,None,Good,34016.0
39,2014,55289,2.7,264,4,Mercedes,Electric,Automatic,None,Good,64367.0
40,2020,126893,2.8,415,4,Kia,Petrol,Automatic,Minor,Excellent,50432.0
41,2019,140122,3.7,387,4,Honda,Hybrid,Automatic,None,Good,56688.0
42,2025,165241,4.4,107,4,BMW,Electric,Automatic,Minor,Good,61687.0
43,2017,43684,3.6,72,5,Kia,Hybrid,Automatic,Minor,Good,37972.0
44,2011,151120,2.0,132,4,Nissan,Hybrid,Automatic,Major,Good,11769.0
45,2023,148621,2.8,151,4,Nissan,Petrol,Manual,None,Good,39135.0
46,2018,120309,1.3,216,4,BMW,Petrol,Automatic,None,Excellent,51403.0
47,2014,190183,1.9,282,4,Kia,Petrol,Automatic,None,Good,32347.0
48,2022,130037,1.0,250,4,Toyota,Petrol,Automatic,Minor,Good,39160.0
49,2017,132986,1.9,293,4,Volkswagen,Petrol,Automatic,Minor,Good,42009.0
50,2010,108290,3.4,409,2,Chevrolet,Diesel,Manual,None,Excellent,36627.0
51,2020,60485,2.8,242,4,Kia,Petrol,Automatic,Minor,Good,41200.0
52,2011,96740,1.9,105,4,Volkswagen,Diesel,Automatic,Major,Excellent,20862.0
53,2014,67533,1.5,412,4,Toyota,Electric,Automatic,None,Good,48090.0
54,2015,86536,1.4,83,5,Honda,Petrol,Automatic,None,Fair,22705.0
55,2012,160214,3.8,391,4,BMW,Diesel,Automatic,None,Fair,53382.0
56,2021,144655,2.7,259,2,Toyota,Diesel,Manual,None,Good,42370.0
57,2021,171614,4.6,305,4,Kia,Petrol,Automatic,Major,Good,38918.0
58,2024,119183,4.3,373,4,Nissan,Hybrid,Automatic,None,Fair,54438.0
59,2024,154382,3.4,264,4,BMW,Petrol,Automatic,None,Good,63076.0
60,2018,150697,1.0,167,4,Chevrolet,Diesel,Automatic,Minor,Good,32490.0
61,2024,212862,1.1,220,4,Nissan,Diesel,Automatic,None,Good,34950.0
62,2020,97225,3.8,208,4,Volkswagen,Petrol,Automatic,None,Good,46499.0
63,2016,61723,4.0,211,4,Ford,Electric,Automatic,None,Excellent,52969.0
64,2019,8708,3.8,134,4,Ford,Electric,Automatic,None,Excellent,56968.0
65,2013,8215,3.3,310,4,Nissan,Petrol,Automatic,None,Fair,40762.0
66,2012,156262,3.5,97,4,Nissan,Hybrid,Automatic,None,Good,28556.0
67,2023,163942,3.4,386,4,Volkswagen,Petrol,Automatic,None,Fair,54576.0
68,2011,164811,4.8,120,5,Chevrolet,Petrol,Manual,None,Excellent,28316.0
69,2012,46034,1.0,300,4,Ford,Petrol,Manual,None,Good,35410.0
70,2018,211524,4.2,371,4,BMW,Electric,Automatic,None,Good,65545.0
71,2014,23719,1.2,227,4,Mercedes,Hybrid,Automatic,None,Good,56592.0
72,2025,119755,1.3,90,5,Mercedes,Hybrid,Automatic,None,Good,62853.0
73,2010,205477,3.7,207,4,Chevrolet,Hybrid,Manual,None,Good,24176.0
74,2025,28918,2.9,279,4,Kia,Diesel,Automatic,None,Good,63620.0
75,2022,218271,4.0,88,4,Mercedes,Petrol,Automatic,Major,Good,36289.0
76,2024,113330,1.2,335,4,Volkswagen,Hybrid,Automatic,Minor,Good,51817.0
77,2014,80505,2.8,427,4,Volkswagen,Petrol,Automatic,Minor,Good,47149.0
78,2012,63903,5.0,128,4,Kia,Petrol,Automatic,None,Good,32543.0
79,2018,113918,4.3,311,4,Volkswagen,Petrol,Automatic,Minor,Good,50983.0
80,2023,94096,4.7,329,4,Mercedes,Petrol,Automatic,Minor,Good,66831.0
81,2014,122059,3.2,246,4,Nissan,Hybrid,Automatic,Major,Fair,29082.0
82,2017,208304,2.6,232,4,Kia,Diesel,Automatic,None,Good,31948.0
83,2025,14704,1.5,372,4,Ford,Petrol,Automatic,None,Fair,58398.0
84,2012,128074,4.1,205,4,Ford,Diesel,Automatic,Minor,Fair,27476.0
85,2022,88010,3.5,319,5,Volkswagen,Petrol,Manual,None,Fair,54582.0
86,2013,204326,3.5,121,4,Kia,Diesel,Automatic,None,Fair,19929.0
87,2021,103262,2.7,195,4,Mercedes,Petrol,Automatic,None,Excellent,65911.0
88,2025,157871,1.6,306,4,BMW,Petrol,Automatic,Minor,Good,56764.0
89,2015,24362,2.8,246,5,Mercedes,Petrol,Automatic,None,Good,56003.0
90,2013,67182,2.5,253,4,Nissan,Electric,Automatic,Major,Good,42299.0
91,2010,153354,4.5,95,5,Mercedes,Hybrid,Automatic,Minor,Fair,37423.0
92,2016,167762,2.0,439,4,BMW,Diesel,Manual,None,Good,65119.0
93,2019,211729,2.8,366,4,Toyota,Petrol,Automatic,None,Good,48565.0
94,2018,48134,2.0,316,5,Hyundai,Petrol,Automatic,Minor,Good,46694.0
95,2014,202696,4.9,416,4,Honda,Electric,Automatic,Minor,Good,49139.0
96,2013,124219,2.5,414,4,Volkswagen,Petrol,Automatic,None,Good,44437.0
97,2010,167410,4.5,357,4,Nissan,Diesel,Automatic,None,Good,33237.0
98,2014,16887,4.8,225,5,Honda,Petrol,Manual,None,Good,40828.0
99,2023,158967,4.0,149,5,Hyundai,Diesel,Automatic,None,Fair,37368.0
100,2024,121574,4.8,255,4,BMW,Diesel,Automatic,Major,Good,63863.0
101,2018,54757,4.9,302,4,Kia,Petrol,Automatic,Major,Excellent,40099.0
102,2016,22985,4.3,353,4,Chevrolet,Petrol,Automatic,None,Excellent,64227.0
103,2010,77685,4.4,144,5,Chevrolet,Petrol,Automatic,None,Fair,27489.0
104,2020,9136,1.7,96,4,BMW,Petrol,Manual,None,Good,56342.0
105,2013,123490,3.0,384,2,Hyundai,Hybrid,Automatic,None,Good,44878.0
106,2022,116745,3.7,321,4,Nissan,Petrol,Automatic,None,Excellent,53879.0
107,2018,168661,3.5,350,4,Ford,Petrol,Automatic,None,Good,42277.0
108,2016,117740,2.8,186,4,Honda,Hybrid,Automatic,Minor,Good,40437.0
109,2018,103120,4.8,421,5,Hyundai,Petrol,Automatic,None,Excellent,57351.0
110,2011,158738,4.8,357,4,Volkswagen,Petrol,Automatic,None,Fair,31486.0
111,2019,162393,2.2,123,4,Toyota,Petrol,Automatic,None,Excellent,41116.0
112,2017,216608,2.7,357,5,Mercedes,Hybrid,Automatic,None,Excellent,62524.0
113,2010,52294,2.1,228,5,Mercedes,Petrol,Manual,None,Good,48669.0
114,2012,200588,3.1,262,4,Toyota,Petrol,Automatic,Minor,Fair,27012.0
115,2012,18791,1.6,386,2,Chevrolet,Petrol,Automatic,None,Good,41919.0
116,2013,95484,2.7,215,4,Volkswagen,Diesel,Automatic,None,Good,37360.0
117,2011,7015,1.8,178,4,Chevrolet,Hybrid,Automatic,None,Good,33945.0
118,2017,136140,3.2,412,4,Volkswagen,Petrol,Automatic,None,Excellent,55441.0
119,2020,155931,2.7,277,4,Honda,Petrol,Manual,None,Good,44101.0
120,2012,119481,4.4,194,4,Hyundai,Petrol,Manual,Minor,Good,22782.0
121,2020,209241,1.7,331,4,BMW,Petrol,Manual,Minor,Good,55208.0
122,2017,31949,1.6,171,4,Ford,Petrol,Automatic,None,Poor,32189.0
123,2024,202773,3.3,366,4,Nissan,Electric,Automatic,None,Good,58147.0
124,2024,22900,2.9,393,4,Ford,Petrol,Manual,None,Good,58719.0
125,2011,19913,2.5,216,2,Nissan,Hybrid,Automatic,None,Good,32674.0
126,2024,217288,3.3,166,4,Toyota,Petrol,Manual,None,Excellent,45878.0
127,2012,137264,3.6,90,4,Hyundai,Petrol,Automatic,None,Excellent,25648.0
128,2020,182968,3.4,393,4,Kia,Petrol,Manual,None,Good,47465.0
129,2014,92388,1.3,409,4,Chevrolet,Petrol,Automatic,None,Good,38628.0
130,2022,173687,4.2,135,4,Mercedes,Hybrid,Automatic,None,Good,58024.0
131,2021,9779,2.5,162,5,Kia,Petrol,Automatic,None,Poor,38385.0
132,2011,178520,2.3,386,4,Honda,Petrol,Manual,Minor,Fair,28877.0
133,2024,16453,2.6,416,4,Ford,Electric,Automatic,Minor,Fair,62851.0
134,2016,101427,3.7,362,5,Nissan,Petrol,Automatic,None,Good,49298.0
135,2016,215045,3.4,198,2,Ford,Petrol,Automatic,Major,Good,23701.0
136,2015,76510,2.8,332,4,Honda,Petrol,Automatic,None,Good,45831.0
137,2010,113762,1.2,327,4,Hyundai,Petrol,Manual,None,Good,29168.0
138,2014,41070,1.2,311,4,Hyundai,Petrol,Automatic,None,Excellent,43994.0
139,2010,72088,1.9,146,4,Honda,Diesel,Automatic,None,Good,25870.0
140,2024,21464,1.4,325,4,Kia,Petrol,Automatic,None,Excellent,56383.0
141,2010,166168,2.4,362,4,Kia,Diesel,Manual,Major,Excellent,18941.0
142,2010,107355,4.5,92,4,Volkswagen,Electric,Manual,None,Fair,26856.0
143,2017,197136,3.6,123,4,Hyundai,Hybrid,Automatic,None,Good,34609.0
144,2025,170605,1.7,139,2,Nissan,Hybrid,Automatic,None,Excellent,43874.0
145,2011,87731,4.7,333,4,BMW,Hybrid,Automatic,None,Good,57974.0
146,2020,76622,1.5,258,4,Toyota,Petrol,Automatic,Major,Good,43484.0
147,2025,186421,3.0,335,4,Ford,Petrol,Automatic,None,Poor,46079.0
148,2012,90962,3.6,226,4,Honda,Diesel,Manual,None,Good,37215.0
149,2023,76973,3.6,99,2,Hyundai,Diesel,Automatic,Minor,Good,41621.0
150,2024,14122,1.5,190,4,Chevrolet,Petrol,Automatic,None,Good,48699.0
151,2021,102521,2.8,109,4,Nissan,Petrol,Automatic,None,Good,42125.0
152,2022,152239,1.5,203,4,Nissan,Petrol,Automatic,None,Poor,34490.0
153,2013,40580,4.4,301,4,BMW,Diesel,Automatic,Minor,Poor,54427.0
154,2019,83631,4.4,434,4,Honda,Diesel,Manual,None,Good,59161.0
155,2014,67058,4.2,83,4,BMW,Petrol,Automatic,Major,Excellent,45079.0
156,2025,142807,2.6,279,4,Kia,Petrol,Automatic,None,Good,45959.0
157,2021,38642,4.5,352,4,Volkswagen,Petrol,Automatic,None,Fair,58355.0
158,2019,48163,1.6,433,4,Ford,Electric,Automatic,None,Excellent,64611.0
159,2018,37812,3.5,384,4,BMW,Petrol,Manual,Major,Excellent,60937.0
160,2020,152749,1.2,84,4,Chevrolet,Electric,Automatic,None,Good,33290.0
161,2023,167033,3.6,324,5,Chevrolet,Petrol,Automatic,None,Good,51763.0
162,2012,185515,1.2,295,4,Nissan,Petrol,Automatic,None,Fair,20307.0
163,2021,109521,1.5,259,4,Hyundai,Petrol,Manual,None,Good,40119.0
164,2023,70082,4.9,151,4,Kia,Electric,Automatic,None,Excellent,56526.0
165,2024,135746,4.5,324,2,Volkswagen,Electric,Automatic,Major,Good,53173.0
166,2025,79907,3.1,125,4,Nissan,Electric,Automatic,Minor,Good,48535.0
167,2011,154495,3.2,255,4,Kia,Petrol,Automatic,Minor,Good,27609.0
168,2014,30344,2.6,243,4,Honda,Petrol,Manual,None,Good,39797.0
169,2011,15201,1.5,240,4,Toyota,Petrol,Manual,Minor,Excellent,36332.0
170,2019,160641,2.3,330,4,Kia,Diesel,Automatic,Minor,Good,37612.0
171,2023,158014,2.2,441,5,Honda,Diesel,Automatic,None,Good,60866.0
172,2011,157967,2.9,338,4,BMW,Diesel,Automatic,None,Good,48144.0
173,2013,55012,1.1,230,4,Toyota,Petrol,Manual,None,Good,29402.0
174,2014,140969,1.8,236,5,Toyota,Petrol,Automatic,Major,Good,27394.0
175,2020,148202,2.4,439,4,Volkswagen,Hybrid,Manual,None,Poor,49598.0
176,2019,189785,1.8,430,4,Mercedes,Petrol,Automatic,Major,Good,57979.0
177,2013,155333,3.7,264,5,Mercedes,Petrol,Automatic,Minor,Excellent,58421.0
178,2021,120966,3.6,315,4,Honda,Hybrid,Manual,None,Good,55675.0
179,2017,68558,1.2,341,4,Honda,Petrol,Manual,None,Good,44218.0
180,2015,111668,3.6,313,4,Volkswagen,Petrol,Automatic,None,Good,43701.0
181,2017,145286,4.0,89,5,Honda,Petrol,Automatic,None,Fair,35113.0
182,2015,201346,4.8,218,5,Nissan,Petrol,Automatic,None,Poor,27902.0
183,2024,173116,3.2,322,5,Mercedes,Petrol,Automatic,None,Fair,61308.0
184,2015,8692,3.9,221,4,Mercedes,Hybrid,Manual,Minor,Fair,61151.0
185,2020,27737,2.6,118,4,Kia,Petrol,Automatic,None,Good,40516.0
186,2019,157688,3.9,75,4,Hyundai,Petrol,Manual,None,Good,36485.0
187,2022,184850,3.0,430,4,Ford,Diesel,Automatic,Major,Good,47883.0
188,2014,124269,4.0,380,4,Nissan,Diesel,Automatic,Minor,Fair,45517.0
189,2017,183347,4.0,111,4,BMW,Petrol,Automatic,Minor,Excellent,51100.0
190,2014,48132,2.3,336,4,BMW,Diesel,Automatic,None,Fair,50406.0
191,2011,123864,1.5,282,4,Nissan,Petrol,Automatic,Minor,Good,20417.0
192,2012,16872,2.7,428,2,BMW,Electric,Automatic,None,Fair,67870.0
193,2019,112182,1.7,139,4,Toyota,Electric,Automatic,None,Poor,33008.0
194,2022,26037,3.7,408,5,Kia,Petrol,Automatic,None,Poor,56730.0
195,2014,195803,4.9,71,4,Kia,Electric,Automatic,Minor,Good,26525.0
196,2021,45664,2.1,441,4,Nissan,Petrol,Automatic,None,Fair,55503.0
197,2017,59023,1.3,374,2,Toyota,Diesel,Automatic,None,Good,49536.0
198,2011,41735,3.0,218,4,BMW,Electric,Automatic,None,Fair,51050.0
199,2017,84105,4.5,408,4,Hyundai,Petrol,Manual,None,Good,51400.0
200,2025,17290,4.9,399,4,Kia,Hybrid,Automatic,None,Excellent,70884.0
201,2015,202765,3.2,193,5,Kia,Petrol,Automatic,Minor,Fair,15181.0
202,2014,106821,2.0,174,4,Volkswagen,Petrol,Automatic,None,Good,30819.0
203,2011,75375,2.5,379,4,BMW,Electric,Manual,Minor,Good,51915.0
204,2019,9019,1.8,167,5,Hyundai,Petrol,Automatic,None,Good,39692.0
205,2016,108974,4.7,352,4,Chevrolet,Petrol,Automatic,None,Good,46126.0
206,2013,215453,4.9,310,4,Nissan,Petrol,Manual,None,Excellent,41823.0
207,2014,9251,2.0,369,4,BMW,Petrol,Manual,None,Good,62395.0
208,2018,205110,4.3,440,4,Hyundai,Petrol,Manual,Minor,Excellent,44797.0
209,2025,53247,4.7,347,5,Volkswagen,Electric,Automatic,Minor,Excellent,70078.0
210,2023,41042,4.4,188,2,Toyota,Petrol,Manual,None,Excellent,56025.0
211,2025,177827,3.0,73,4,Chevrolet,Petrol,Manual,Minor,Good,34180.0
212,2015,33053,4.7,338,4,Kia,Petrol,Automatic,Minor,Good,48737.0
213,2012,102793,4.8,305,4,Kia,Electric,Manual,None,Fair,34831.0
214,2012,111241,2.5,352,4,Toyota,Diesel,Automatic,None,Fair,33355.0
215,2013,143453,4.7,187,4,Hyundai,Hybrid,Automatic,None,Excellent,44743.0
216,2011,52016,4.7,231,2,Volkswagen,Petrol,Manual,Minor,Fair,33495.0
217,2019,47585,3.3,360,4,Honda,Petrol,Automatic,None,Fair,57012.0
218,2021,19076,1.4,188,4,Honda,Petrol,Automatic,Major,Good,44081.0
219,2010,171231,2.1,300,4,Hyundai,Petrol,Automatic,None,Good,23459.0
220,2019,214205,2.0,107,4,Chevrolet,Petrol,Automatic,None,Good,28959.0
221,2021,32931,1.4,227,4,Hyundai,Hybrid,Manual,None,Good,42769.0
222,2010,28493,2.4,117,4,Honda,Hybrid,Automatic,None,Good,30301.0
223,2017,154935,3.1,420,4,Honda,Petrol,Automatic,None,Excellent,50893.0
224,2012,99666,2.0,196,4,Nissan,Petrol,Automatic,None,Excellent,32569.0
225,2022,92088,4.4,264,4,Toyota,Petrol,Automatic,Minor,Fair,49116.0
226,2016,130569,2.3,273,5,Hyundai,Petrol,Automatic,None,Good,36164.0
227,2020,103580,2.1,271,4,BMW,Electric,Manual,Major,Excellent,57622.0
228,2016,119938,4.2,424,2,Nissan,Hybrid,Automatic,None,Excellent,57474.0
229,2017,71238,3.6,436,4,Mercedes,Petrol,Automatic,None,Good,66338.0
230,2011,212282,4.9,429,5,Kia,Petrol,Automatic,None,Fair,32470.0
231,2015,174607,3.5,358,5,Hyundai,Diesel,Automatic,Minor,Poor,30459.0
232,2017,138870,4.0,355,4,Mercedes,Petrol,Automatic,None,Fair,61193.0
233,2014,95431,5.0,317,4,Chevrolet,Petrol,Automatic,None,Fair,43978.0
234,2016,141607,2.9,313,4,Nissan,Diesel,Automatic,None,Excellent,46169.0
235,2010,94935,3.6,416,4,Honda,Electric,Automatic,None,Good,45779.0
236,2017,214126,2.6,164,4,Nissan,Diesel,Automatic,Minor,Fair,26299.0
237,2023,106930,1.0,179,4,Nissan,Hybrid,Automatic,None,Excellent,48136.0
238,2016,124944,1.5,413,5,Hyundai,Petrol,Automatic,None,Good,42190.0
239,2013,96206,2.4,304,4,Chevrolet,Hybrid,Automatic,None,Good,43095.0
240,2017,85053,1.5,261,4,Honda,Petrol,Automatic,None,Good,42065.0
241,2025,171592,3.1,400,5,Ford,Petrol,Manual,None,Excellent,60836.0
242,2010,132037,1.5,266,5,Hyundai,Petrol,Automatic,None,Good,19775.0
243,2025,48844,1.3,85,4,Nissan,Petrol,Manual,None,Good,41358.0
244,2013,155133,1.5,348,4,Nissan,Petrol,Automatic,None,Good,30461.0
245,2016,116451,1.4,404,4,Volkswagen,Petrol,Automatic,None,Good,48408.0
246,2017,60018,4.2,371,4,Honda,Hybrid,Automatic,None,Good,55909.0
247,2016,216141,1.2,249,4,BMW,Diesel,Manual,Major,Good,29700.0
248,2013,40543,4.9,280,5,Volkswagen,Electric,Automatic,None,Fair,44968.0
249,2014,191487,2.3,196,4,BMW,Diesel,Automatic,None,Good,41585.0
250,2022,140164,4.0,425,5,Honda,Petrol,Automatic,None,Excellent,63921.0
251,2024,171419,3.7,253,5,Honda,Hybrid,Automatic,Major,Fair,38022.0
252,2020,148474,3.3,359,5,Mercedes,Hybrid,Automatic,Minor,Excellent,70199.0
253,2010,37568,4.7,150,4,Nissan,Petrol,Automatic,None,Good,33635.0
254,2018,29468,3.6,198,4,Ford,Diesel,Automatic,None,Good,50346.0
255,2023,176831,1.4,118,2,BMW,Petrol,Manual,None,Good,53231.0
256,2023,186936,1.5,106,4,Honda,Petrol,Automatic,None,Good,36222.0
257,2014,105328,4.1,138,4,Mercedes,Diesel,Manual,None,Good,52241.0
258,2014,112927,3.5,296,5,BMW,Petrol,Manual,Minor,Good,52837.0
259,2021,117561,2.3,141,4,Kia,Diesel,Manual,None,Good,34485.0
260,2019,58856,3.1,330,4,Toyota,Petrol,Automatic,Minor,Fair,53623.0
261,2025,106157,1.5,325,4,BMW,Petrol,Automatic,None,Good,65430.0
262,2023,100790,3.2,158,4,Chevrolet,Electric,Automatic,None,Excellent,56394.0
263,2016,15440,4.7,273,4,Mercedes,Diesel,Automatic,None,Good,70497.0
264,2014,77736,1.3,110,4,Chevrolet,Petrol,Automatic,None,Good,31284.0
265,2019,188153,2.7,192,2,Honda,Petrol,Automatic,None,Good,35759.0
266,2013,8320,3.8,429,2,Ford,Petrol,Automatic,None,Fair,54629.0
267,2015,102483,1.5,207,4,Mercedes,Petrol,Automatic,None,Good,48635.0
268,2012,135062,2.8,254,2,Chevrolet,Hybrid,Manual,None,Fair,30379.0
269,2013,64874,4.0,71,2,Chevrolet,Hybrid,Manual,None,Good,38729.0
270,2023,63855,2.3,283,5,Toyota,Petrol,Automatic,None,Excellent,62230.0
271,2015,63506,4.2,93,5,Toyota,Petrol,Automatic,None,Fair,34564.0
272,2021,57604,2.2,225,4,Toyota,Petrol,Automatic,Major,Poor,36594.0
273,2017,44470,1.0,279,2,BMW,Petrol,Automatic,None,Excellent,57790.0
274,2019,32249,1.8,191,4,Kia,Electric,Automatic,None,Good,49343.0
275,2017,141251,2.7,260,4,Toyota,Hybrid,Automatic,None,Good,43024.0
276,2023,178655,4.9,191,4,Toyota,Hybrid,Automatic,None,Fair,51146.0
277,2020,123687,2.1,108,5,Hyundai,Petrol,Automatic,None,Excellent,34733.0
278,2021,206939,1.8,227,4,Honda,Hybrid,Manual,Minor,Good,38240.0
279,2011,61366,4.3,237,4,Chevrolet,Diesel,Automatic,None,Excellent,38552.0
280,2010,111008,4.4,354,4,Ford,Petrol,Automatic,Minor,Excellent,43416.0
281,2011,209723,4.9,136,4,Toyota,Petrol,Automatic,Major,Excellent,16917.0
282,2010,21900,1.8,400,4,Honda,Petrol,Automatic,Minor,Good,34832.0
283,2024,18274,1.7,363,4,Toyota,Diesel,Automatic,None,Good,57944.0
284,2018,121919,4.5,87,4,Mercedes,Diesel,Automatic,None,Fair,56760.0
285,2011,27995,2.1,140,4,Nissan,Diesel,Automatic,None,Poor,21225.0
286,2021,130746,3.2,318,4,Kia,Petrol,Automatic,None,Excellent,49302.0
287,2017,12681,4.6,213,2,Chevrolet,Electric,Automatic,Minor,Poor,45128.0
288,2018,144903,4.3,447,2,BMW,Electric,Manual,Minor,Fair,66594.0
289,2015,51163,1.9,232,4,Hyundai,Diesel,Automatic,None,Good,40622.0
290,2016,217441,4.5,322,4,Chevrolet,Petrol,Manual,None,Good,39046.0
291,2025,5179,2.3,384,4,Toyota,Petrol,Automatic,Minor,Fair,58325.0
292,2014,207995,1.4,339,5,Chevrolet,Electric,Automatic,Major,Good,30853.0
293,2020,84105,2.3,150,4,Honda,Petrol,Automatic,None,Good,40748.0
294,2021,63520,3.7,159,4,Chevrolet,Hybrid,Automatic,None,Excellent,49836.0
295,2022,207068,4.9,86,4,Chevrolet,Petrol,Automatic,None,Good,41615.0
296,2012,67389,2.4,233,4,Hyundai,Electric,Manual,Minor,Good,33965.0
297,2024,7987,2.1,197,4,Hyundai,Petrol,Automatic,Minor,Excellent,45841.0
298,2023,134258,4.5,249,4,Ford,Petrol,Automatic,Minor,Good,48579.0
299,2015,123302,1.3,87,4,BMW,Petrol,Automatic,None,Excellent,42170.0
300,2012,93591,3.4,384,5,Volkswagen,Diesel,Automatic,None,Good,48539.0
301,2015,19039,1.4,175,5,Kia,Petrol,Automatic,Minor,Good,29880.0
302,2011,107996,3.3,321,4,Honda,Petrol,Automatic,None,Good,35162.0
303,2025,57343,1.4,175,4,Chevrolet,Petrol,Manual,Minor,Good,39892.0
304,2012,173261,3.2,164,4,Mercedes,Petrol,Manual,None,Good,43878.0
305,2017,75401,3.3,147,4,Mercedes,Diesel,Manual,None,Good,59181.0
306,2011,106477,4.3,284,5,Volkswagen,Diesel,Automatic,None,Good,37677.0
307,2012,108495,4.6,435,2,Mercedes,Petrol,Automatic,None,Poor,61834.0
308,2015,48821,4.9,168,4,Nissan,Petrol,Automatic,None,Poor,39917.0
309,2018,88820,4.6,104,4,Ford,Petrol,Automatic,Minor,Good,38726.0
310,2023,34496,2.7,145,4,Chevrolet,Diesel,Automatic,None,Excellent,51193.0
311,2019,145413,4.5,280,4,Honda,Diesel,Automatic,None,Excellent,48364.0
312,2011,108754,4.6,239,4,Kia,Petrol,Automatic,None,Good,33551.0
313,2019,86513,2.1,321,5,Hyundai,Diesel,Automatic,None,Good,45264.0
314,2018,196050,2.7,400,4,Hyundai,Petrol,Automatic,None,Good,38849.0
315,2021,19734,3.1,151,2,Volkswagen,Diesel,Automatic,Minor,Good,44545.0
316,2011,70402,1.1,95,5,BMW,Diesel,Manual,Minor,Good,32914.0
317,2010,68422,2.5,374,4,Honda,Electric,Automatic,None,Good,44885.0
318,2019,12195,2.5,153,5,Honda,Hybrid,Manual,None,Good,45609.0
319,2018,175809,2.6,80,5,BMW,Electric,Automatic,None,Excellent,56285.0
320,2018,164473,4.2,226,4,BMW,Diesel,Manual,Minor,Fair,52622.0
321,2018,62202,2.9,416,4,Nissan,Diesel,Automatic,None,Poor,52594.0
322,2019,83243,3.7,316,2,Volkswagen,Electric,Automatic,Minor,Good,52876.0
323,2016,44303,3.1,193,5,Mercedes,Hybrid,Automatic,None,Good,60103.0
324,2019,73007,4.6,277,4,Nissan,Petrol,Automatic,None,Excellent,48312.0
325,2025,181126,2.4,223,5,BMW,Hybrid,Automatic,None,Excellent,67397.0
326,2015,183182,4.6,405,4,Volkswagen,Petrol,Automatic,None,Fair,46834.0
327,2021,73304,3.3,307,5,Hyundai,Petrol,Automatic,None,Fair,51166.0
328,2013,183440,2.5,222,4,Volkswagen,Electric,Manual,Major,Good,28537.0
329,2024,42545,2.3,436,4,Chevrolet,Petrol,Automatic,Major,Good,57307.0
330,2015,156068,4.1,320,4,BMW,Hybrid,Manual,None,Good,60604.0
331,2025,105484,1.0,343,4,Kia,Petrol,Manual,None,Fair,45661.0
332,2017,186803,4.5,229,4,BMW,Petrol,Automatic,None,Fair,54362.0
333,2019,124518,3.9,375,4,Mercedes,Petrol,Automatic,None,Poor,57274.0
334,2022,10013,1.9,442,5,Ford,Petrol,Manual,None,Excellent,64553.0
335,2022,172856,2.0,343,4,Toyota,Diesel,Manual,None,Fair,46597.0
336,2022,37399,3.2,312,4,Nissan,Petrol,Automatic,None,Good,54094.0
337,2018,168262,3.4,140,4,Honda,Electric,Automatic,None,Good,42578.0
338,2016,208937,2.1,337,5,Chevrolet,Petrol,Automatic,None,Good,34735.0
339,2025,91665,1.9,76,4,BMW,Electric,Automatic,None,Excellent,67820.0
340,2018,173909,1.9,221,4,Honda,Petrol,Automatic,Minor,Fair,31605.0
341,2020,116672,4.0,118,5,Hyundai,Electric,Manual,None,Good,39622.0
342,2018,197169,1.4,245,4,Chevrolet,Petrol,Automatic,None,Good,39514.0
343,2023,175091,4.5,155,4,Nissan,Diesel,Manual,Major,Excellent,33246.0
344,2024,52516,3.4,253,4,Chevrolet,Hybrid,Automatic,Minor,Fair,52588.0
345,2025,34605,4.6,295,2,Nissan,Petrol,Automatic,Minor,Good,56425.0
346,2017,180595,4.5,335,4,Chevrolet,Diesel,Manual,None,Good,41312.0
347,2022,43968,4.4,355,5,Hyundai,Diesel,Manual,Major,Good,45014.0
348,2012,201982,3.0,193,4,Ford,Petrol,Automatic,None,Good,27175.0
349,2012,125348,2.8,363,4,BMW,Hybrid,Automatic,None,Good,56391.0
350,2011,151048,3.2,116,4,Kia,Electric,Automatic,Minor,Good,21824.0
351,2020,100248,4.3,184,5,Nissan,Petrol,Automatic,None,Good,41937.0
352,2017,5575,2.4,394,5,Honda,Petrol,Automatic,Minor,Excellent,57824.0
353,2025,41817,4.3,450,4,Ford,Petrol,Automatic,None,Fair,63694.0
354,2020,33250,4.0,93,5,BMW,Hybrid,Automatic,Minor,Good,61706.0
355,2014,135764,1.0,446,2,Chevrolet,Electric,Automatic,None,Good,50141.0
356,2015,196494,4.3,123,4,Chevrolet,Diesel,Automatic,None,Good,31348.0
357,2017,76721,2.6,245,5,Chevrolet,Petrol,Manual,None,Good,40857.0
358,2020,191613,3.9,353,4,Volkswagen,Petrol,Automatic,None,Good,47478.0
359,2015,137092,3.2,396,4,Ford,Petrol,Automatic,None,Good,45461.0
360,2019,115726,4.2,337,4,Volkswagen,Petrol,Manual,None,Good,48594.0
361,2019,184146,2.0,101,4,Ford,Petrol,Automatic,None,Fair,32771.0
362,2017,199619,3.6,269,4,Volkswagen,Hybrid,Automatic,None,Good,47538.0
363,2022,114200,4.8,420,4,Kia,Petrol,Manual,None,Good,57631.0
364,2021,202946,3.4,448,4,BMW,Hybrid,Automatic,None,Excellent,69684.0
365,2015,50559,3.9,131,4,Honda,Petrol,Automatic,None,Good,39922.0
366,2011,45292,4.7,375,2,Ford,Electric,Automatic,None,Good,54033.0
367,2021,24105,4.1,232,4,Chevrolet,Electric,Automatic,Minor,Excellent,54836.0
368,2017,60929,3.7,239,4,Hyundai,Petrol,Automatic,None,Poor,35146.0
369,2013,180358,2.4,193,5,Toyota,Diesel,Automatic,Major,Good,19950.0
370,2022,72263,3.2,214,2,Honda,Petrol,Automatic,None,Good,54856.0
371,2011,82708,4.6,168,4,Nissan,Petrol,Manual,Major,Fair,13930.0
372,2016,184674,2.7,123,4,BMW,Hybrid,Automatic,Minor,Good,44475.0
373,2014,11226,2.8,239,2,Honda,Petrol,Manual,None,Excellent,47269.0
374,2022,123259,3.5,291,4,Kia,Petrol,Manual,None,Good,39907.0
375,2011,188732,4.4,253,5,Honda,Petrol,Automatic,None,Excellent,34609.0
376,2010,129253,1.6,182,4,Kia,Petrol,Automatic,None,Poor,9394.0
377,2019,182547,4.5,443,4,Ford,Electric,Manual,Minor,Excellent,62376.0
378,2012,84872,1.8,449,5,Kia,Petrol,Automatic,None,Good,42279.0
379,2015,62878,3.5,199,4,Ford,Petrol,Automatic,Minor,Fair,42242.0
380,2012,81192,3.7,198,4,Nissan,Diesel,Automatic,None,Excellent,33059.0
381,2013,79746,3.5,169,4,BMW,Petrol,Automatic,None,Good,46829.0
382,2023,49207,1.0,196,4,Hyundai,Diesel,Automatic,None,Good,42408.0
383,2025,126332,2.8,226,4,Hyundai,Petrol,Automatic,None,Good,48599.0
384,2018,197294,4.5,109,4,BMW,Electric,Automatic,None,Fair,45945.0
385,2022,206641,3.4,88,4,Chevrolet,Petrol,Automatic,None,Fair,31047.0
386,2019,40096,2.9,331,4,Chevrolet,Petrol,Manual,None,Poor,45374.0
387,2015,203497,3.1,298,4,Chevrolet,Petrol,Automatic,Minor,Excellent,35851.0
388,2017,204615,3.0,102,4,Toyota,Petrol,Automatic,None,Fair,22397.0
389,2025,124182,4.5,90,5,Kia,Petrol,Automatic,None,Fair,40863.0
390,2015,103739,3.6,257,4,Volkswagen,Electric,Manual,None,Poor,37423.0
391,2022,97510,4.3,246,4,BMW,Petrol,Automatic,None,Excellent,68766.0
392,2016,44384,1.7,255,4,Mercedes,Hybrid,Automatic,None,Good,62663.0
393,2025,182007,2.9,177,4,Honda,Diesel,Automatic,None,Excellent,47104.0
394,2011,155016,1.6,155,4,Volkswagen,Petrol,Automatic,None,Good,22628.0
395,2019,27478,1.9,380,5,Toyota,Hybrid,Manual,Minor,Good,56810.0
396,2018,48967,3.9,245,5,Ford,Diesel,Manual,None,Excellent,45700.0
397,2016,142025,4.4,328,4,Toyota,Hybrid,Automatic,None,Fair,43963.0
398,2013,29429,2.9,136,5,Volkswagen,Petrol,Manual,Major,Good,23125.0
399,2023,102092,4.5,427,4,Kia,Petrol,Automatic,Minor,Good,52462.0
400,2013,116539,1.5,314,4,Chevrolet,Electric,Manual,None,Good,36941.0
401,2016,6433,3.8,73,4,Mercedes,Petrol,Manual,None,Good,54234.0
402,2023,175806,3.3,203,5,Ford,Petrol,Automatic,None,Good,46368.0
403,2023,149730,4.1,317,4,BMW,Petrol,Automatic,Major,Good,58766.0
404,2013,201035,1.9,428,5,Ford,Petrol,Automatic,Minor,Fair,29697.0
405,2011,47136,2.6,395,2,Chevrolet,Petrol,Manual,Minor,Good,39778.0
406,2011,194921,2.5,275,4,Honda,Petrol,Automatic,None,Fair,25179.0
407,2025,120073,1.0,406,5,Ford,Petrol,Manual,Minor,Good,49876.0
408,2021,67719,3.6,150,4,Toyota,Petrol,Automatic,None,Good,44317.0
409,2010,198180,3.8,116,4,BMW,Diesel,Automatic,None,Good,36245.0
410,2024,110894,3.3,203,4,BMW,Petrol,Automatic,None,Good,60819.0
411,2018,146008,4.3,364,4,Honda,Petrol,Automatic,None,Good,48474.0
412,2010,131345,1.5,104,4,Nissan,Hybrid,Manual,Minor,Fair,16777.0
413,2021,140398,3.1,428,4,Kia,Petrol,Manual,None,Fair,53037.0
414,2020,97677,1.9,363,4,Nissan,Electric,Automatic,Minor,Good,53396.0
415,2017,197788,2.0,205,4,BMW,Petrol,Manual,None,Excellent,53915.0
416,2010,205342,4.4,91,5,Nissan,Petrol,Automatic,Minor,Fair,15670.0
417,2018,133661,1.7,331,4,Chevrolet,Petrol,Automatic,None,Fair,36210.0
418,2021,108210,4.4,159,4,Volkswagen,Petrol,Automatic,None,Excellent,50491.0
419,2022,157307,1.4,255,4,BMW,Petrol,Automatic,None,Good,54019.0
420,2023,60189,2.7,260,4,Nissan,Petrol,Automatic,None,Poor,40992.0
421,2013,193957,2.1,190,4,BMW,Hybrid,Manual,Minor,Good,39746.0
422,2025,40250,5.0,392,4,Kia,Diesel,Automatic,None,Good,64892.0
423,2011,109438,1.4,153,2,Chevrolet,Hybrid,Automatic,None,Good,26413.0
424,2018,95214,1.1,132,4,Volkswagen,Diesel,Automatic,None,Good,39001.0
425,2015,209553,2.1,236,4,Volkswagen,Petrol,Automatic,Minor,Good,28286.0
426,2015,172924,4.2,242,4,Ford,Diesel,Automatic,Minor,Excellent,42617.0
427,2017,87177,2.3,219,4,Hyundai,Diesel,Automatic,Minor,Fair,35692.0
428,2024,113524,1.7,81,4,Volkswagen,Petrol,Manual,Minor,Good,34684.0
429,2015,109083,1.4,102,5,BMW,Petrol,Manual,Minor,Good,40526.0
430,2014,27101,3.6,269,4,Chevrolet,Petrol,Automatic,None,Excellent,47251.0
431,2010,14215,3.7,236,5,Ford,Petrol,Automatic,Major,Good,31696.0
432,2015,159882,3.4,393,4,Volkswagen,Electric,Automatic,None,Good,57207.0
433,2025,146470,1.9,115,4,Hyundai,Petrol,Manual,None,Excellent,42184.0
434,2019,127997,3.1,422,5,Hyundai,Electric,Automatic,None,Good,51003.0
435,2017,213867,1.0,261,4,Mercedes,Electric,Automatic,None,Good,50672.0
436,2018,25764,2.7,192,4,BMW,Hybrid,Automatic,None,Good,58343.0
437,2018,113240,1.8,105,4,Volkswagen,Petrol,Automatic,None,Good,34067.0
438,2014,18010,4.9,81,4,Toyota,Petrol,Manual,Minor,Good,35833.0
439,2012,44500,1.1,181,4,BMW,Petrol,Automatic,Major,Good,36860.0
440,2011,74862,4.1,106,4,Ford,Petrol,Automatic,None,Good,27632.0
441,2013,206364,3.9,267,4,Toyota,Petrol,Automatic,None,Good,35909.0
442,2025,107006,3.7,229,5,BMW,Petrol,Automatic,Minor,Good,59384.0
443,2018,131151,3.6,171,4,Honda,Petrol,Automatic,Major,Good,31482.0
444,2013,108758,4.2,74,5,Mercedes,Diesel,Automatic,None,Excellent,51252.0
445,2017,46339,3.0,421,4,Honda,Electric,Automatic,None,Excellent,61926.0
446,2014,132885,1.9,355,4,Honda,Hybrid,Automatic,None,Excellent,44348.0
447,2021,194896,1.5,90,4,Kia,Petrol,Automatic,None,Excellent,32764.0
448,2018,161940,4.7,353,4,Nissan,Petrol,Automatic,Minor,Good,47035.0
449,2010,208402,3.6,264,4,Nissan,Electric,Automatic,None,Good,28898.0
450,2022,54773,3.1,324,4,Volkswagen,Petrol,Automatic,None,Good,57144.0
451,2012,16475,4.3,136,4,Honda,Petrol,Manual,None,Excellent,37639.0
452,2018,17867,2.5,380,4,Nissan,Petrol,Automatic,None,Fair,47053.0
453,2024,214982,3.6,254,4,Honda,Electric,Automatic,None,Good,52422.0
454,2012,84666,1.3,180,5,Toyota,Petrol,Automatic,None,Excellent,32114.0
455,2017,154429,3.5,161,4,Volkswagen,Petrol,Automatic,Minor,Good,32676.0
456,2013,48728,4.2,351,4,Kia,Petrol,Manual,Major,Good,30436.0
457,2020,149200,5.0,236,5,Hyundai,Petrol,Automatic,Minor,Good,40911.0
458,2018,99374,4.8,299,5,Kia,Petrol,Manual,None,Excellent,52074.0
459,2019,6721,2.2,183,4,Ford,Petrol,Automatic,Major,Fair,36313.0
460,2014,29716,1.2,252,4,Chevrolet,Petrol,Automatic,None,Good,36345.0
461,2012,154549,2.6,181,4,Mercedes,Diesel,Automatic,None,Fair,39552.0
462,2019,14796,3.9,365,4,Honda,Hybrid,Automatic,None,Fair,55439.0
463,2023,36598,4.5,186,4,Kia,Hybrid,Automatic,None,Good,56917.0
464,2014,90676,3.0,183,4,Hyundai,Diesel,Automatic,Major,Fair,22728.0
465,2012,63218,2.7,271,4,Chevrolet,Petrol,Automatic,Minor,Good,33157.0
466,2014,204762,1.5,356,4,Kia,Petrol,Automatic,None,Poor,28062.0
467,2017,68521,1.3,290,4,Volkswagen,Electric,Manual,None,Good,46309.0
468,2010,206767,2.2,249,4,Chevrolet,Electric,Automatic,None,Excellent,32403.0
469,2016,184662,2.5,442,5,BMW,Petrol,Manual,Major,Fair,51151.0
470,2020,186874,4.2,226,4,Toyota,Petrol,Manual,None,Good,39525.0
471,2018,148864,2.9,443,5,Volkswagen,Diesel,Automatic,None,Fair,48372.0
472,2019,57611,4.2,386,4,Toyota,Petrol,Automatic,None,Good,59358.0
473,2013,10001,2.2,402,4,Hyundai,Electric,Automatic,Minor,Fair,40434.0
474,2015,57133,3.0,304,4,Honda,Diesel,Manual,Minor,Good,42254.0
475,2022,200137,1.6,247,4,Nissan,Petrol,Automatic,Major,Poor,22264.0
476,2022,218610,5.0,354,5,Mercedes,Petrol,Automatic,None,Excellent,72213.0
477,2017,114401,2.0,148,4,Kia,Petrol,Automatic,None,Excellent,32950.0
478,2014,86002,3.8,338,5,BMW,Petrol,Automatic,Minor,Good,53594.0
479,2015,88229,1.3,342,5,Chevrolet,Petrol,Automatic,Minor,Good,39143.0
480,2023,84520,2.8,396,5,Kia,Petrol,Automatic,None,Excellent,52479.0
481,2018,163755,3.3,188,4,Chevrolet,Petrol,Manual,None,Fair,36325.0
482,2021,53228,4.4,321,4,Nissan,Petrol,Manual,None,Poor,50558.0
483,2023,63341,4.0,173,4,Mercedes,Petrol,Automatic,Major,Fair,51755.0
484,2017,117081,2.6,91,4,Nissan,Hybrid,Automatic,None,Fair,32449.0
485,2011,141485,1.4,303,4,Chevrolet,Petrol,Automatic,None,Good,28920.0
486,2011,54768,2.2,273,5,Volkswagen,Hybrid,Automatic,None,Good,35706.0
487,2014,126524,4.3,301,4,Toyota,Petrol,Manual,None,Fair,36748.0
488,2024,11530,1.7,372,5,Hyundai,Electric,Automatic,None,Good,61283.0
489,2013,28905,1.5,300,4,Ford,Petrol,Automatic,Minor,Poor,28818.0
490,2022,16509,4.1,241,4,Volkswagen,Diesel,Manual,Minor,Excellent,54054.0
491,2023,85756,2.2,298,4,Toyota,Petrol,Automatic,Major,Excellent,47986.0
492,2025,147475,4.2,381,5,Nissan,Petrol,Automatic,None,Good,56929.0
493,2010,69150,4.5,212,4,Honda,Petrol,Automatic,None,Excellent,36603.0
494,2019,91798,4.7,95,4,Toyota,Electric,Manual,None,Good,47532.0
495,2015,124364,4.0,254,5,Chevrolet,Petrol,Automatic,None,Good,43047.0
496,2012,81764,2.9,132,4,Volkswagen,Petrol,Automatic,None,Good,32606.0
497,2011,33652,3.3,392,4,Chevrolet,Petrol,Automatic,None,Fair,40186.0
498,2018,142728,3.3,389,4,Hyundai,Petrol,Automatic,None,Good,44336.0
499,2015,164752,1.9,218,5,Nissan,Petrol,Manual,None,Excellent,35376.0
500,2023,16925,2.3,356,4,Kia,Petrol,Automatic,None,Good,51122.0
501,2019,83717,3.0,235,4,Honda,Petrol,Automatic,None,Good,50739.0
502,2020,93588,4.7,315,5,BMW,Hybrid,Automatic,None,Good,70106.0
503,2020,126233,4.1,281,5,Volkswagen,Petrol,Automatic,None,Good,49060.0
504,2020,214593,4.7,251,2,Chevrolet,Petrol,Automatic,None,Good,42631.0
505,2015,154679,3.4,165,4,Volkswagen,Hybrid,Automatic,Minor,Good,38590.0
506,2017,102408,2.8,224,4,Nissan,Petrol,Manual,Minor,Fair,31277.0
507,2024,137643,1.1,317,5,Honda,Petrol,Automatic,None,Fair,44330.0
508,2014,58788,3.9,305,4,Honda,Hybrid,Manual,None,Excellent,53965.0
509,2012,92369,2.9,93,4,Chevrolet,Hybrid,Automatic,None,Fair,26630.0
510,2016,80121,2.1,233,4,BMW,Diesel,Manual,None,Excellent,54828.0
511,2013,59153,3.2,351,4,Chevrolet,Petrol,Automatic,None,Good,48020.0
512,2024,18297,1.5,311,5,Hyundai,Petrol,Automatic,None,Good,54071.0
513,2024,166563,2.4,240,4,Chevrolet,Diesel,Automatic,None,Poor,38772.0
514,2012,218084,4.2,427,4,Ford,Petrol,Automatic,Minor,Good,34822.0
515,2017,42675,4.4,385,4,BMW,Petrol,Manual,Minor,Good,67589.0
516,2010,22135,2.9,249,4,Nissan,Hybrid,Automatic,None,Good,34017.0
517,2013,111348,4.3,124,4,Volkswagen,Diesel,Automatic,None,Good,31687.0
518,2015,131451,2.5,244,4,Volkswagen,Diesel,Automatic,Major,Good,32076.0
519,2017,50373,3.7,109,4,Hyundai,Diesel,Automatic,None,Good,37949.0
520,2015,85749,4.8,105,4,Nissan,Diesel,Automatic,Minor,Good,34993.0
521,2012,62045,4.3,367,5,Toyota,Diesel,Manual,None,Excellent,47981.0
522,2024,56292,1.8,232,4,Chevrolet,Hybrid,Automatic,Minor,Fair,45685.0
523,2012,157758,1.0,331,4,Hyundai,Petrol,Automatic,None,Good,32950.0
524,2013,78979,4.5,190,4,Hyundai,Diesel,Automatic,Minor,Good,34226.0
525,2016,178667,1.7,141,4,Kia,Petrol,Automatic,Minor,Excellent,30345.0
526,2010,23807,3.6,143,4,Ford,Petrol,Automatic,Major,Excellent,25680.0
527,2024,211812,3.8,287,4,Kia,Petrol,Automatic,Minor,Good,41928.0
528,2025,196604,1.9,326,4,Toyota,Electric,Automatic,None,Excellent,61789.0
529,2021,34665,3.3,423,4,Nissan,Hybrid,Automatic,Minor,Fair,56080.0
530,2012,69285,2.9,449,4,Volkswagen,Diesel,Automatic,None,Good,53020.0
531,2011,95058,3.1,75,4,Chevrolet,Petrol,Automatic,Minor,Good,26699.0
532,2015,14260,3.8,375,4,Mercedes,Diesel,Automatic,None,Good,69094.0
533,2011,177050,5.0,447,4,Ford,Petrol,Manual,None,Fair,38955.0
534,2018,72359,1.1,127,4,Mercedes,Electric,Automatic,None,Good,58735.0
535,2018,210134,3.8,318,4,Ford,Petrol,Manual,Major,Poor,22205.0
536,2023,206947,2.5,408,4,Nissan,Diesel,Manual,Minor,Good,43068.0
537,2013,18768,1.7,274,4,Mercedes,Petrol,Automatic,Minor,Good,51224.0
538,2014,144052,4.5,76,4,Mercedes,Hybrid,Automatic,None,Good,48964.0
539,2013,144275,3.5,291,4,Toyota,Diesel,Manual,None,Fair,34982.0
540,2017,197495,3.7,169,4,Nissan,Diesel,Automatic,None,Excellent,40863.0
541,2012,8135,2.6,338,4,Toyota,Petrol,Manual,None,Excellent,48854.0
542,2016,162125,3.6,432,5,Chevrolet,Petrol,Automatic,None,Fair,46130.0
543,2015,34057,3.8,199,4,Chevrolet,Diesel,Manual,None,Poor,35576.0
544,2018,47458,4.1,211,4,Hyundai,Petrol,Automatic,None,Poor,33195.0
545,2015,120494,1.3,172,4,Mercedes,Petrol,Automatic,None,Fair,45110.0
546,2018,32076,1.1,106,4,Nissan,Petrol,Automatic,Minor,Excellent,39339.0
547,2011,179222,2.6,147,4,Toyota,Electric,Automatic,None,Fair,23495.0
548,2017,5867,2.5,422,4,Honda,Petrol,Automatic,Major,Good,49118.0
549,2022,19468,3.5,401,4,Mercedes,Petrol,Automatic,None,Good,79148.0
550,2011,105706,3.6,223,4,Ford,Electric,Automatic,None,Excellent,36599.0
551,2016,41685,1.1,82,4,Nissan,Diesel,Automatic,None,Good,30944.0
552,2010,14710,2.4,242,4,Nissan,Petrol,Manual,Minor,Good,29820.0
553,2014,199262,3.3,106,2,Nissan,Petrol,Automatic,None,Fair,25986.0
554,2010,50154,3.5,227,4,Ford,Petrol,Automatic,Minor,Excellent,34151.0
555,2013,135323,3.4,385,4,Honda,Hybrid,Automatic,Minor,Poor,36584.0
556,2014,89302,4.3,179,4,Chevrolet,Diesel,Automatic,None,Excellent,39794.0
557,2015,187529,2.5,154,4,Kia,Electric,Manual,None,Fair,23001.0
558,2025,26160,1.0,161,5,Toyota,Diesel,Automatic,None,Good,47421.0
559,2014,59043,1.6,208,4,Nissan,Petrol,Automatic,None,Excellent,38442.0
560,2019,96187,2.7,355,4,Honda,Petrol,Automatic,None,Good,54021.0
561,2017,126691,4.1,407,4,Volkswagen,Petrol,Manual,None,Fair,51506.0
562,2011,19163,3.6,215,4,Ford,Petrol,Automatic,Minor,Good,31712.0
563,2011,145865,1.7,84,4,Honda,Petrol,Automatic,Minor,Good,16629.0
564,2017,209203,1.4,186,4,Hyundai,Hybrid,Automatic,None,Good,32951.0
565,2025,19244,4.6,144,4,Nissan,Diesel,Manual,None,Good,53307.0
566,2016,93051,1.5,424,4,Mercedes,Petrol,Manual,None,Good,66011.0
567,2017,82374,3.4,396,5,Hyundai,Electric,Automatic,None,Good,52307.0
568,2025,126310,2.1,443,4,BMW,Electric,Manual,None,Good,79594.0
569,2014,155392,4.6,283,5,Chevrolet,Petrol,Automatic,Minor,Excellent,36785.0
570,2024,134836,2.0,355,4,Honda,Diesel,Automatic,None,Good,53271.0
571,2012,9175,2.9,226,4,BMW,Petrol,Automatic,None,Poor,44037.0
572,2015,212056,4.5,390,4,Kia,Diesel,Automatic,None,Fair,39087.0
573,2011,82749,2.7,208,4,Hyundai,Diesel,Automatic,None,Good,26824.0
574,2021,18516,1.4,257,4,Toyota,Petrol,Automatic,None,Good,48896.0
575,2016,41282,4.9,192,4,Volkswagen,Diesel,Automatic,Minor,Fair,39626.0
576,2020,97461,4.6,327,4,BMW,Petrol,Manual,None,Good,62032.0
577,2013,128250,3.8,417,4,Volkswagen,Electric,Automatic,None,Good,50084.0
578,2016,125028,1.3,270,5,Honda,Petrol,Automatic,None,Good,30691.0
579,2025,44452,4.5,336,5,Ford,Petrol,Automatic,None,Fair,56425.0
580,2019,54561,1.3,188,4,Toyota,Petrol,Automatic,None,Good,43652.0
581,2025,160545,3.7,341,5,Hyundai,Petrol,Automatic,None,Fair,49573.0
582,2021,80535,4.1,94,4,Nissan,Petrol,Automatic,None,Excellent,47094.0
583,2019,52783,4.9,432,4,Volkswagen,Diesel,Manual,None,Excellent,65240.0
584,2021,53364,1.8,432,2,Mercedes,Petrol,Automatic,None,Good,75420.0
585,2019,36847,4.7,277,5,Ford,Hybrid,Automatic,Minor,Excellent,60627.0
586,2020,174671,3.8,312,5,Volkswagen,Electric,Automatic,Major,Good,44133.0
587,2024,93784,3.8,444,4,Chevrolet,Petrol,Automatic,None,Excellent,65514.0
588,2012,90555,1.2,398,4,Hyundai,Petrol,Automatic,Minor,Excellent,35723.0
589,2024,182488,3.7,114,5,Honda,Petrol,Automatic,None,Good,46217.0
590,2014,192685,4.4,259,4,Kia,Petrol,Automatic,None,Good,34536.0
591,2012,61543,3.9,297,4,Volkswagen,Petrol,Automatic,None,Good,45807.0
592,2014,158925,3.4,143,4,Kia,Petrol,Automatic,Major,Excellent,19885.0
593,2022,28186,1.0,397,5,Chevrolet,Petrol,Automatic,Minor,Fair,50622.0
594,2019,150192,3.0,224,4,Kia,Petrol,Automatic,None,Excellent,42059.0
595,2014,73859,2.2,397,4,Toyota,Petrol,Automatic,Minor,Good,41281.0
596,2010,36288,4.1,322,5,BMW,Petrol,Automatic,None,Good,54234.0
597,2025,186992,4.3,261,4,Mercedes,Petrol,Automatic,None,Excellent,67039.0
598,2021,47810,1.2,254,4,Ford,Electric,Automatic,None,Good,56849.0
599,2016,205918,3.5,118,4,Honda,Petrol,Automatic,None,Fair,28578.0
600,2013,145095,3.3,143,2,Hyundai,Petrol,Automatic,None,Good,25046.0
601,2013,62114,1.6,183,4,Ford,Hybrid,Automatic,None,Poor,32349.0
602,2023,125715,4.7,129,4,Honda,Electric,Automatic,None,Good,48584.0
603,2020,50143,3.8,84,4,Nissan,Petrol,Manual,None,Good,39372.0
604,2023,186093,4.1,127,2,Honda,Hybrid,Automatic,None,Excellent,51157.0
605,2011,127967,1.5,199,2,Volkswagen,Petrol,Manual,None,Excellent,25390.0
606,2015,180793,2.4,116,4,BMW,Hybrid,Manual,None,Good,42734.0
607,2017,137358,3.3,120,4,Volkswagen,Hybrid,Automatic,Minor,Poor,32679.0
608,2013,61102,4.7,432,4,Toyota,Diesel,Manual,None,Excellent,61748.0
609,2022,116173,1.9,186,4,Hyundai,Hybrid,Automatic,None,Good,40562.0
610,2011,26560,2.3,129,4,Mercedes,Petrol,Automatic,None,Fair,42367.0
611,2023,81176,4.9,289,4,BMW,Petrol,Automatic,None,Good,75034.0
612,2013,108905,2.8,407,4,Nissan,Petrol,Automatic,None,Poor,45354.0
613,2012,100344,4.9,243,4,Ford,Hybrid,Automatic,None,Good,37263.0
614,2018,203260,4.2,399,5,Chevrolet,Petrol,Automatic,Major,Poor,33593.0
615,2018,43633,4.1,125,4,Volkswagen,Petrol,Manual,Major,Excellent,37756.0
616,2010,51948,2.5,417,4,Nissan,Petrol,Automatic,Minor,Good,31176.0
617,2025,212809,2.9,220,4,Volkswagen,Petrol,Manual,None,Fair,33456.0
618,2023,36230,2.5,231,5,Toyota,Petrol,Manual,None,Good,49713.0
619,2015,133838,2.7,229,4,Mercedes,Petrol,Manual,None,Good,49676.0
620,2015,137824,1.2,204,4,Nissan,Electric,Automatic,None,Poor,25146.0
621,2011,12378,3.4,135,4,Hyundai,Petrol,Automatic,None,Fair,25952.0
622,2021,112984,2.4,408,4,Hyundai,Petrol,Automatic,None,Good,52628.0
623,2013,93498,1.7,345,4,Mercedes,Petrol,Automatic,None,Fair,51587.0
624,2010,87972,2.5,269,4,Chevrolet,Petrol,Automatic,None,Good,34523.0
625,2020,48680,3.5,256,5,Nissan,Petrol,Automatic,Major,Excellent,44028.0
626,2011,82940,5.0,275,4,Mercedes,Diesel,Automatic,Minor,Good,50841.0
627,2020,76660,1.3,341,4,Chevrolet,Petrol,Automatic,None,Good,49465.0
628,2020,57448,2.7,198,4,Volkswagen,Petrol,Automatic,None,Excellent,46915.0
629,2015,156216,3.0,408,5,Volkswagen,Hybrid,Automatic,Major,Good,38878.0
630,2011,141909,1.8,306,4,Kia,Petrol,Automatic,None,Good,24089.0
631,2012,171180,1.8,281,4,Hyundai,Petrol,Manual,None,Good,25535.0
632,2017,213940,4.3,307,4,Toyota,Electric,Automatic,Minor,Good,47825.0
633,2014,12639,2.0,212,4,Mercedes,Petrol,Automatic,Major,Good,52404.0
634,2020,162705,2.2,102,5,Honda,Petrol,Automatic,None,Excellent,39047.0
635,2017,34342,3.3,326,5,Ford,Petrol,Automatic,Major,Fair,38977.0
636,2013,207687,4.2,238,4,BMW,Hybrid,Automatic,Minor,Fair,49421.0
637,2014,33000,1.7,210,4,BMW,Petrol,Automatic,None,Good,53882.0
638,2025,183975,2.0,212,5,Kia,Electric,Automatic,Minor,Fair,37562.0
639,2011,198842,3.6,97,4,Toyota,Hybrid,Manual,None,Good,28776.0
640,2017,120973,2.6,271,5,Honda,Electric,Automatic,Major,Fair,34607.0
641,2016,47002,4.7,393,4,Mercedes,Hybrid,Automatic,Minor,Good,77111.0
642,2025,198184,2.7,240,4,Nissan,Electric,Automatic,Minor,Good,47648.0
643,2012,97237,2.7,443,4,Volkswagen,Hybrid,Automatic,None,Excellent,51175.0
644,2010,110031,1.8,226,4,Ford,Petrol,Manual,None,Poor,14742.0
645,2023,212786,4.8,301,4,Ford,Hybrid,Manual,None,Fair,49264.0
646,2021,52681,2.6,263,5,Kia,Electric,Manual,Major,Fair,36029.0
647,2017,28324,4.9,171,4,Chevrolet,Hybrid,Manual,None,Good,53236.0
648,2013,8700,3.9,292,4,Ford,Electric,Automatic,None,Good,56647.0
649,2016,218231,4.1,217,4,BMW,Petrol,Automatic,None,Good,51756.0
650,2023,52282,2.6,144,2,BMW,Electric,Manual,None,Good,60552.0
651,2024,27475,1.0,138,5,Chevrolet,Electric,Automatic,None,Good,47039.0
652,2013,151014,1.2,240,5,Honda,Petrol,Automatic,None,Good,31755.0
653,2011,6405,2.0,387,4,Chevrolet,Electric,Automatic,None,Fair,46339.0
654,2025,93913,4.5,137,4,Ford,Diesel,Automatic,None,Good,51639.0
655,2025,78662,4.0,290,4,Ford,Electric,Automatic,Minor,Good,56966.0
656,2025,205192,4.8,354,5,Hyundai,Diesel,Automatic,None,Excellent,62150.0
657,2015,14401,2.9,153,4,BMW,Petrol,Automatic,Minor,Excellent,51584.0
658,2024,134233,1.4,438,5,Nissan,Petrol,Manual,Minor,Excellent,56681.0
659,2018,152651,4.6,369,4,Ford,Electric,Manual,Minor,Excellent,56778.0
660,2013,91155,1.1,418,5,Nissan,Petrol,Automatic,Minor,Excellent,40011.0
661,2014,12569,1.3,432,4,Hyundai,Petrol,Automatic,None,Excellent,54641.0
662,2020,196770,5.0,361,4,Nissan,Hybrid,Automatic,None,Fair,48781.0
663,2022,29261,2.6,161,4,Honda,Hybrid,Automatic,None,Good,49741.0
664,2013,83262,3.0,291,4,Ford,Electric,Automatic,None,Good,46744.0
665,2021,139388,1.8,298,5,Honda,Petrol,Automatic,None,Fair,43499.0
666,2023,29365,1.2,244,5,Kia,Diesel,Automatic,Minor,Fair,36120.0
667,2012,81206,2.9,110,5,Volkswagen,Petrol,Manual,None,Fair,27347.0
668,2011,149439,1.3,93,4,Mercedes,Petrol,Automatic,None,Good,32668.0
669,2021,71810,3.3,327,2,Mercedes,Hybrid,Automatic,Minor,Fair,69531.0
670,2020,158933,3.9,413,4,Mercedes,Hybrid,Automatic,Minor,Fair,68164.0
671,2015,25505,4.0,379,4,BMW,Diesel,Automatic,None,Good,72446.0
672,2022,177416,4.9,378,4,Nissan,Petrol,Automatic,None,Good,53895.0
673,2019,27973,1.5,77,4,Kia,Hybrid,Automatic,None,Excellent,40338.0
674,2023,169117,4.4,345,4,BMW,Petrol,Automatic,None,Excellent,71474.0
675,2014,198667,3.8,318,4,Ford,Hybrid,Automatic,None,Good,42672.0
676,2013,170258,4.4,291,5,Toyota,Hybrid,Automatic,None,Good,42885.0
677,2011,132794,2.6,332,4,Mercedes,Diesel,Automatic,Minor,Good,47215.0
678,2020,150032,1.3,401,4,Kia,Petrol,Automatic,Major,Good,33282.0
679,2010,47292,2.2,168,4,Kia,Petrol,Automatic,None,Good,29202.0
680,2014,81911,3.9,269,5,Nissan,Hybrid,Automatic,Minor,Fair,34608.0
681,2016,79044,3.8,114,4,Ford,Petrol,Manual,None,Excellent,32522.0
682,2017,59901,3.2,79,4,Mercedes,Petrol,Automatic,None,Fair,54888.0
683,2011,216501,1.3,290,4,Volkswagen,Petrol,Automatic,None,Poor,19899.0
684,2018,44630,4.4,333,4,Volkswagen,Petrol,Manual,Major,Fair,37277.0
685,2013,209905,3.4,122,4,Honda,Petrol,Manual,None,Fair,22816.0
686,2024,204744,3.0,445,5,Mercedes,Petrol,Automatic,Minor,Excellent,71687.0
687,2024,113986,4.1,73,4,BMW,Hybrid,Automatic,None,Excellent,62441.0
688,2017,44743,4.0,341,4,Hyundai,Petrol,Automatic,None,Good,53319.0
689,2021,12802,2.8,75,4,Nissan,Petrol,Manual,None,Good,41194.0
690,2011,178061,4.7,147,5,Kia,Petrol,Automatic,Minor,Good,17702.0
691,2019,114918,2.6,418,4,Volkswagen,Electric,Automatic,None,Good,62200.0
692,2014,188578,2.6,399,4,Chevrolet,Petrol,Automatic,None,Good,35582.0
693,2016,84044,1.3,345,4,Kia,Diesel,Automatic,None,Poor,34256.0
694,2019,141665,2.4,395,4,Volkswagen,Petrol,Automatic,None,Good,52082.0
695,2023,137454,1.4,100,5,Mercedes,Petrol,Automatic,None,Fair,52981.0
696,2010,123789,2.4,190,4,Chevrolet,Electric,Automatic,Minor,Good,25401.0
697,2017,96838,2.2,411,4,Volkswagen,Diesel,Automatic,Minor,Good,49156.0
698,2016,209092,2.4,120,4,Chevrolet,Petrol,Automatic,None,Good,30585.0
699,2025,61304,2.8,259,4,Ford,Petrol,Automatic,Minor,Fair,43692.0
700,2025,196815,4.9,153,4,Nissan,Petrol,Automatic,None,Good,42329.0
701,2013,187051,1.9,312,2,Volkswagen,Petrol,Automatic,Minor,Excellent,34740.0
702,2019,15559,3.1,130,4,Hyundai,Electric,Automatic,None,Fair,42181.0
703,2023,17753,4.7,226,5,Ford,Petrol,Automatic,None,Excellent,56447.0
704,2025,155224,2.2,301,5,Kia,Hybrid,Automatic,Minor,Good,51607.0
705,2024,204669,2.8,299,4,Ford,Diesel,Manual,None,Good,41907.0
706,2011,180752,4.6,446,4,Hyundai,Petrol,Manual,None,Good,42620.0
707,2013,173798,3.2,168,5,Mercedes,Petrol,Automatic,Major,Good,36939.0
708,2013,177557,4.7,162,5,Toyota,Petrol,Manual,Minor,Fair,22609.0
709,2024,27189,4.2,380,4,Chevrolet,Diesel,Automatic,Major,Good,56731.0
710,2020,105141,2.0,128,5,Volkswagen,Petrol,Automatic,None,Fair,36453.0
711,2019,111765,3.7,100,4,Ford,Petrol,Manual,None,Good,36742.0
712,2018,103438,4.8,131,2,Hyundai,Petrol,Automatic,None,Good,41907.0
713,2022,35167,2.1,232,4,Volkswagen,Petrol,Automatic,None,Good,51894.0
714,2013,69570,4.1,403,4,Chevrolet,Petrol,Automatic,None,Good,47614.0
715,2014,102859,3.2,156,4,BMW,Petrol,Automatic,Minor,Good,48535.0
716,2019,176195,4.9,70,2,Chevrolet,Electric,Manual,None,Good,40409.0
717,2016,158395,4.4,214,2,Hyundai,Hybrid,Automatic,None,Good,41426.0
718,2018,118236,1.8,328,5,Volkswagen,Petrol,Automatic,None,Good,46721.0
719,2018,69468,3.6,234,4,Nissan,Petrol,Automatic,None,Good,43859.0
720,2010,7510,3.7,281,4,Nissan,Diesel,Automatic,None,Excellent,40109.0
721,2010,218924,3.7,414,4,Honda,Electric,Automatic,None,Good,43201.0
722,2013,126292,2.5,168,4,Toyota,Petrol,Manual,None,Fair,23234.0
723,2016,28584,4.3,390,4,Hyundai,Diesel,Manual,None,Good,51368.0
724,2016,6870,1.8,396,4,Chevrolet,Hybrid,Automatic,None,Good,61806.0
725,2015,22133,3.4,103,4,Chevrolet,Electric,Automatic,Minor,Good,39512.0
726,2018,183436,3.2,302,2,Toyota,Petrol,Automatic,None,Fair,46225.0
727,2023,111660,2.1,418,4,Hyundai,Petrol,Automatic,None,Good,59930.0
728,2024,87900,1.0,169,4,Volkswagen,Electric,Automatic,Major,Good,43186.0
729,2012,70531,1.8,238,4,Kia,Diesel,Manual,None,Fair,22064.0
730,2018,69789,1.4,192,5,Hyundai,Hybrid,Automatic,None,Good,38208.0
731,2024,205303,1.4,298,4,Honda,Petrol,Manual,None,Good,43830.0
732,2011,215340,2.8,224,4,Ford,Petrol,Manual,None,Excellent,25515.0
733,2022,30121,3.5,280,4,Kia,Diesel,Automatic,None,Good,53655.0
734,2013,94028,3.6,415,4,Chevrolet,Petrol,Automatic,None,Excellent,45089.0
735,2012,160421,4.2,169,5,Chevrolet,Petrol,Automatic,None,Good,28542.0
736,2011,20857,1.5,369,4,Ford,Electric,Automatic,None,Fair,40943.0
737,2014,128082,2.2,245,4,Ford,Electric,Automatic,None,Excellent,43665.0
738,2011,115640,2.4,172,4,Volkswagen,Petrol,Manual,None,Good,31776.0
739,2020,156626,3.3,241,4,Nissan,Petrol,Manual,None,Fair,38039.0
740,2017,186723,1.9,389,4,Toyota,Petrol,Automatic,Minor,Fair,39390.0
741,2016,109939,1.7,73,4,Kia,Petrol,Manual,None,Good,26972.0
742,2011,12781,1.8,215,4,Hyundai,Electric,Automatic,None,Good,38910.0
743,2016,10634,1.7,204,5,Ford,Petrol,Automatic,None,Fair,42998.0
744,2024,67953,2.5,260,4,Mercedes,Electric,Automatic,Major,Fair,65155.0
745,2013,42862,4.5,136,4,Honda,Petrol,Automatic,None,Good,40590.0
746,2016,145369,2.2,146,4,Toyota,Petrol,Automatic,Minor,Fair,27664.0
747,2025,59850,3.9,310,4,Chevrolet,Diesel,Manual,None,Fair,54465.0
748,2024,51923,2.3,261,4,Volkswagen,Petrol,Automatic,None,Good,50644.0
749,2011,59316,1.9,173,4,Chevrolet,Petrol,Manual,None,Good,30167.0
750,2012,40213,4.0,221,4,Mercedes,Petrol,Automatic,None,Good,59214.0
751,2024,127565,2.7,258,4,Kia,Petrol,Automatic,None,Good,43757.0
752,2019,136534,3.1,399,2,Honda,Petrol,Manual,None,Good,48885.0
753,2016,92492,1.8,238,4,Volkswagen,Hybrid,Automatic,Minor,Excellent,42288.0
754,2018,7237,4.1,214,4,Volkswagen,Hybrid,Automatic,None,Good,53473.0
755,2025,176466,3.1,146,5,Toyota,Petrol,Automatic,None,Good,42353.0
756,2024,94301,4.2,230,5,Nissan,Petrol,Automatic,None,Good,48747.0
757,2010,103225,1.6,135,4,Volkswagen,Hybrid,Automatic,None,Good,27395.0
758,2019,90479,3.3,360,4,Kia,Electric,Manual,Major,Good,47132.0
759,2022,104960,1.8,270,2,Chevrolet,Petrol,Automatic,None,Poor,37754.0
760,2013,181917,3.2,86,4,Ford,Diesel,Manual,None,Fair,19407.0
761,2019,58973,1.9,407,4,Kia,Petrol,Automatic,None,Good,52974.0
762,2014,145627,2.7,450,2,Honda,Electric,Automatic,None,Good,51387.0
763,2025,46623,3.4,228,4,Kia,Petrol,Automatic,None,Excellent,54937.0
764,2017,142850,2.3,361,5,Kia,Petrol,Automatic,Minor,Good,39294.0
765,2021,188583,4.4,222,4,Nissan,Hybrid,Automatic,None,Excellent,46842.0
766,2015,188113,3.3,271,4,Kia,Petrol,Automatic,None,Fair,27702.0
767,2019,179760,4.7,427,4,Volkswagen,Electric,Automatic,None,Fair,59156.0
768,2020,112504,2.8,199,4,Honda,Petrol,Manual,None,Good,43704.0
769,2022,95087,4.0,169,4,Nissan,Petrol,Manual,Minor,Good,40641.0
770,2012,148767,3.6,435,5,Honda,Petrol,Automatic,Minor,Excellent,41487.0
771,2013,51461,2.2,343,4,Toyota,Petrol,Automatic,None,Good,43245.0
772,2016,120882,3.8,395,4,Toyota,Diesel,Automatic,Minor,Good,50556.0
773,2024,18740,3.4,94,4,Mercedes,Hybrid,Automatic,None,Good,71618.0
774,2020,55371,3.7,102,4,Toyota,Electric,Automatic,Minor,Excellent,52500.0
775,2011,113968,3.1,237,4,Ford,Diesel,Automatic,Major,Good,21675.0
776,2021,89768,1.7,275,4,Honda,Petrol,Manual,None,Good,46337.0
777,2021,16518,1.3,181,4,Mercedes,Hybrid,Automatic,Major,Good,58196.0
778,2015,71044,4.8,377,4,Chevrolet,Diesel,Automatic,Minor,Fair,40006.0
779,2020,50961,3.5,422,4,Ford,Hybrid,Automatic,None,Good,61447.0
780,2010,65976,1.1,133,4,BMW,Hybrid,Automatic,None,Excellent,42658.0
781,2025,82755,1.8,262,4,Hyundai,Petrol,Automatic,None,Fair,44045.0
782,2020,173716,4.1,90,4,Mercedes,Electric,Automatic,None,Excellent,59442.0
783,2020,68504,1.8,97,5,Hyundai,Diesel,Manual,None,Good,32950.0
784,2015,120962,3.5,103,5,Hyundai,Petrol,Manual,None,Excellent,30689.0
785,2014,29054,1.7,351,4,BMW,Electric,Manual,None,Good,61440.0
786,2023,51251,3.4,225,4,BMW,Petrol,Automatic,None,Fair,66470.0
787,2021,109397,2.5,311,4,Honda,Petrol,Automatic,Minor,Fair,42891.0
788,2023,26818,4.0,223,4,Kia,Petrol,Automatic,None,Good,50402.0
789,2019,103342,3.2,316,2,Nissan,Petrol,Automatic,None,Excellent,53330.0
790,2025,111051,4.7,272,5,Hyundai,Petrol,Automatic,None,Good,53171.0
791,2011,37631,2.5,359,4,Kia,Hybrid,Automatic,Minor,Fair,32089.0
792,2011,175631,2.5,287,4,Hyundai,Petrol,Manual,Minor,Good,25233.0
793,2014,73506,3.4,418,4,Toyota,Petrol,Automatic,None,Excellent,56716.0
794,2022,190091,3.3,111,4,Kia,Petrol,Automatic,Minor,Good,32262.0
795,2022,158637,2.2,280,4,Mercedes,Electric,Automatic,None,Good,67754.0
796,2016,201159,2.6,227,2,Mercedes,Petrol,Automatic,None,Fair,41430.0
797,2023,176578,2.2,290,4,Kia,Petrol,Automatic,None,Excellent,48388.0
798,2015,57675,1.2,163,4,BMW,Petrol,Automatic,Minor,Good,44609.0
799,2013,171837,1.7,220,4,Chevrolet,Petrol,Manual,None,Good,21955.0
800,2011,74751,4.0,73,4,Toyota,Hybrid,Manual,None,Fair,29704.0
801,2018,132382,2.9,242,4,Kia,Petrol,Automatic,None,Good,38046.0
802,2022,165119,1.2,252,5,Kia,Hybrid,Manual,Minor,Good,39384.0
803,2010,162786,1.5,341,4,Ford,Diesel,Automatic,None,Good,27721.0
804,2016,5820,4.9,234,2,Kia,Petrol,Manual,Minor,Good,39035.0
805,2017,164059,2.9,448,4,Nissan,Petrol,Automatic,Major,Fair,42128.0
806,2022,82034,3.4,434,4,Honda,Petrol,Automatic,Minor,Good,57994.0
807,2025,213881,1.3,414,5,Ford,Electric,Automatic,Minor,Poor,43409.0
808,2016,49677,4.0,407,4,BMW,Petrol,Automatic,None,Fair,66293.0
809,2022,205883,2.1,438,4,Hyundai,Petrol,Automatic,None,Excellent,47664.0
810,2020,63669,4.7,377,2,Honda,Petrol,Automatic,Minor,Good,55359.0
811,2023,216929,1.9,202,4,Volkswagen,Petrol,Manual,Minor,Fair,31446.0
812,2014,87148,4.8,365,4,Hyundai,Petrol,Automatic,None,Good,45108.0
813,2020,207186,2.5,417,5,Kia,Petrol,Automatic,None,Excellent,54173.0
814,2014,218948,4.8,182,4,Hyundai,Petrol,Automatic,None,Good,29988.0
815,2020,85974,3.0,422,4,Toyota,Electric,Automatic,None,Fair,56269.0
816,2011,217391,2.3,436,4,Kia,Hybrid,Automatic,Minor,Excellent,36067.0
817,2025,195682,2.6,407,5,Ford,Petrol,Manual,None,Good,51017.0
818,2022,23828,3.1,214,4,Kia,Electric,Automatic,None,Excellent,56518.0
819,2011,191014,2.2,405,4,Hyundai,Petrol,Automatic,None,Excellent,36049.0
820,2021,195305,4.4,122,4,Toyota,Electric,Manual,Major,Good,41331.0
821,2011,30178,2.4,312,4,Ford,Petrol,Automatic,None,Good,42368.0
822,2017,13911,1.5,273,4,Kia,Diesel,Automatic,None,Good,41841.0
823,2024,219484,3.6,210,4,Honda,Petrol,Manual,None,Excellent,42047.0
824,2010,158839,3.3,363,4,BMW,Diesel,Manual,None,Good,42630.0
825,2019,154795,1.5,236,2,Kia,Electric,Automatic,None,Fair,39739.0
826,2025,21759,3.1,369,4,Volkswagen,Hybrid,Automatic,Minor,Good,65272.0
827,2015,162051,3.8,72,4,Honda,Hybrid,Manual,None,Good,35487.0
828,2012,37693,3.0,256,5,Toyota,Petrol,Automatic,None,Good,43341.0
829,2019,177794,3.1,141,4,Toyota,Diesel,Automatic,Major,Good,28537.0
830,2011,67154,1.1,142,4,Honda,Hybrid,Automatic,None,Good,29534.0
831,2018,38683,3.9,286,2,Hyundai,Petrol,Automatic,Minor,Good,46612.0
832,2014,145484,1.8,392,4,Kia,Electric,Automatic,None,Good,44429.0
833,2015,115018,4.3,231,5,Volkswagen,Petrol,Manual,None,Excellent,44754.0
834,2023,22290,2.3,115,4,Volkswagen,Petrol,Manual,Minor,Good,43938.0
835,2013,103869,4.9,183,4,Toyota,Petrol,Automatic,None,Good,37665.0
836,2013,143663,2.4,362,5,Nissan,Petrol,Automatic,Minor,Excellent,42258.0
837,2015,95485,4.2,417,5,Kia,Petrol,Automatic,Minor,Good,46178.0
838,2014,177376,1.5,263,4,Volkswagen,Petrol,Automatic,None,Good,32853.0
839,2023,190279,2.8,294,5,BMW,Hybrid,Automatic,None,Good,69719.0
840,2019,171627,4.4,226,4,BMW,Petrol,Manual,None,Good,53371.0
841,2015,155815,1.2,450,4,Honda,Electric,Automatic,None,Fair,44297.0
842,2025,135496,3.1,416,5,Ford,Diesel,Automatic,None,Fair,51167.0
843,2023,189180,3.1,246,4,Toyota,Hybrid,Automatic,Minor,Fair,39809.0
844,2024,49179,3.7,338,5,Chevrolet,Petrol,Automatic,None,Good,58766.0
845,2023,134894,2.5,261,5,Toyota,Petrol,Automatic,Minor,Fair,43714.0
846,2019,74402,1.9,447,4,Nissan,Petrol,Automatic,Minor,Poor,41985.0
847,2011,126387,4.6,319,2,Volkswagen,Petrol,Automatic,None,Excellent,39823.0
848,2021,7323,1.4,321,4,Kia,Petrol,Automatic,None,Fair,49471.0
849,2014,206706,3.6,185,4,Toyota,Petrol,Automatic,Minor,Good,28721.0
850,2015,41667,2.4,292,2,Nissan,Electric,Automatic,None,Good,55756.0
851,2022,115377,4.0,86,4,Ford,Petrol,Automatic,None,Good,39553.0
852,2020,201893,4.1,274,4,Ford,Electric,Automatic,None,Excellent,54095.0
853,2010,38062,1.6,326,2,Honda,Diesel,Manual,Minor,Good,31217.0
854,2019,78983,2.9,289,4,Nissan,Petrol,Automatic,None,Fair,42158.0
855,2017,179674,4.3,171,4,Mercedes,Hybrid,Manual,Minor,Good,54848.0
856,2017,36578,1.5,89,4,Ford,Petrol,Manual,None,Excellent,43024.0
857,2022,111770,3.1,428,4,Toyota,Petrol,Automatic,None,Good,59030.0
858,2021,78546,4.8,434,4,Mercedes,Petrol,Manual,None,Excellent,79057.0
859,2016,79794,2.9,380,4,Hyundai,Petrol,Automatic,None,Good,47238.0
860,2014,91825,2.4,255,4,Volkswagen,Diesel,Automatic,None,Good,39702.0
861,2022,27867,4.5,136,4,Chevrolet,Diesel,Manual,Major,Fair,38083.0
862,2013,24629,4.8,386,4,Nissan,Diesel,Automatic,None,Good,49481.0
863,2014,55254,2.7,434,4,Toyota,Electric,Automatic,Minor,Poor,50755.0
864,2023,22749,2.9,338,5,Honda,Petrol,Manual,None,Good,55790.0
865,2019,16913,4.8,101,4,Ford,Diesel,Automatic,None,Good,52764.0
866,2024,201798,3.0,357,4,Ford,Petrol,Manual,None,Excellent,47594.0
867,2010,212263,3.1,327,4,BMW,Petrol,Automatic,None,Good,40913.0
868,2017,81504,1.2,145,5,Toyota,Petrol,Manual,Minor,Excellent,35425.0
869,2016,145140,1.5,402,4,BMW,Diesel,Automatic,None,Good,55122.0
870,2019,90101,4.9,390,4,Kia,Hybrid,Manual,Major,Excellent,49884.0
871,2013,194425,4.0,265,5,Toyota,Petrol,Automatic,None,Good,33900.0
872,2022,45800,2.8,443,4,BMW,Petrol,Automatic,None,Excellent,80532.0
873,2015,54508,3.3,443,4,Ford,Petrol,Automatic,Minor,Fair,47119.0
874,2012,116776,2.0,400,5,Ford,Petrol,Automatic,Minor,Fair,31947.0
875,2013,104057,2.5,126,4,Chevrolet,Hybrid,Automatic,None,Good,34673.0
876,2010,212723,4.9,124,4,Chevrolet,Hybrid,Automatic,None,Excellent,29867.0
877,2024,218769,1.7,239,4,Chevrolet,Petrol,Automatic,None,Good,41213.0
878,2019,31887,3.0,282,4,Volkswagen,Electric,Manual,None,Excellent,58470.0
879,2017,184415,2.5,436,4,Mercedes,Petrol,Manual,None,Excellent,68337.0
880,2020,36024,2.4,113,5,Chevrolet,Diesel,Manual,None,Good,40584.0
881,2014,179921,3.7,389,4,Kia,Petrol,Manual,Minor,Good,40129.0
882,2010,43965,4.1,145,4,Honda,Petrol,Automatic,Minor,Good,26281.0
883,2013,156478,2.7,442,4,Honda,Petrol,Automatic,None,Good,43560.0
884,2020,41233,4.2,404,5,Kia,Petrol,Automatic,None,Good,60055.0
885,2017,105827,1.3,436,4,Volkswagen,Petrol,Automatic,Minor,Good,47626.0
886,2021,151374,2.9,138,5,Toyota,Petrol,Automatic,Minor,Fair,34822.0
887,2019,125688,1.6,352,5,Ford,Electric,Manual,Minor,Excellent,54864.0
888,2022,197172,1.1,287,4,Ford,Diesel,Automatic,None,Fair,43571.0
889,2010,43505,2.5,110,4,Ford,Petrol,Automatic,None,Fair,21156.0
890,2019,128256,2.6,242,4,Volkswagen,Diesel,Manual,None,Excellent,45910.0
891,2015,136935,1.6,272,4,Toyota,Diesel,Automatic,None,Fair,38099.0
892,2023,46104,2.1,117,4,BMW,Electric,Manual,None,Good,61130.0
893,2022,53154,4.3,356,4,BMW,Petrol,Automatic,None,Good,71509.0
894,2021,174514,2.7,208,4,Toyota,Petrol,Automatic,Minor,Excellent,44196.0
895,2015,146968,1.4,178,4,Mercedes,Hybrid,Automatic,None,Good,52894.0
896,2011,152780,4.9,317,2,Chevrolet,Petrol,Automatic,None,Good,37259.0
897,2022,136128,1.8,270,4,Mercedes,Electric,Automatic,None,Good,66004.0
898,2010,158924,4.2,314,4,Ford,Hybrid,Automatic,None,Good,35514.0
899,2017,61530,4.2,404,4,Honda,Diesel,Automatic,None,Poor,48080.0
900,2024,210875,1.5,218,4,Hyundai,Hybrid,Automatic,Minor,Fair,31856.0
901,2017,59741,5.0,380,2,Kia,Petrol,Automatic,None,Fair,53046.0
902,2012,135786,1.4,230,4,Volkswagen,Petrol,Manual,None,Good,32402.0
903,2015,191293,4.1,202,5,Honda,Electric,Automatic,None,Fair,44211.0
904,2011,100282,4.4,275,4,Nissan,Diesel,Automatic,None,Good,32637.0
905,2020,102958,1.3,281,4,Chevrolet,Petrol,Automatic,None,Good,40625.0
906,2010,45517,4.4,218,4,BMW,Petrol,Automatic,None,Fair,41466.0
907,2021,127127,2.9,343,5,Honda,Petrol,Manual,Minor,Fair,47357.0
908,2022,91172,1.3,245,5,BMW,Petrol,Automatic,None,Good,56765.0
909,2014,128199,1.6,179,4,Toyota,Petrol,Automatic,None,Fair,27303.0
910,2016,19176,1.8,81,5,Nissan,Diesel,Manual,None,Excellent,38907.0
911,2018,111186,1.3,434,4,Honda,Petrol,Manual,Minor,Excellent,55244.0
912,2020,202440,2.2,171,4,Kia,Petrol,Automatic,None,Excellent,37037.0
913,2021,186639,3.3,75,4,Kia,Electric,Manual,Minor,Good,35308.0
914,2010,44454,4.6,145,4,Hyundai,Petrol,Automatic,None,Good,32357.0
915,2024,37956,3.5,397,5,Toyota,Petrol,Manual,Major,Good,54246.0
916,2016,96248,1.8,167,5,Kia,Petrol,Manual,Minor,Excellent,30128.0
917,2013,188321,3.0,303,4,Mercedes,Petrol,Automatic,None,Poor,40552.0
918,2023,102811,1.7,374,4,Nissan,Petrol,Automatic,None,Good,57328.0
919,2013,27969,4.2,123,4,Mercedes,Petrol,Automatic,None,Good,51156.0
920,2011,180036,2.2,285,4,Nissan,Hybrid,Automatic,None,Fair,23997.0
921,2021,213077,4.7,281,5,Honda,Diesel,Automatic,None,Fair,44475.0
922,2018,85582,4.4,282,4,Mercedes,Petrol,Automatic,None,Excellent,65130.0
923,2020,92841,1.7,362,5,Hyundai,Petrol,Automatic,None,Good,49586.0
924,2023,38782,4.8,269,5,Chevrolet,Petrol,Automatic,None,Good,52688.0
925,2014,137187,1.5,365,4,Honda,Hybrid,Automatic,None,Good,45909.0
926,2010,119667,1.0,373,4,Honda,Diesel,Automatic,Major,Good,24123.0
927,2014,123936,3.5,253,4,Toyota,Diesel,Manual,None,Fair,35122.0
928,2018,177820,1.2,112,5,Kia,Diesel,Automatic,None,Excellent,25220.0
929,2013,33069,1.6,204,5,Nissan,Petrol,Automatic,None,Fair,27201.0
930,2023,24287,2.9,390,2,Toyota,Diesel,Automatic,None,Fair,62831.0
931,2015,83316,1.0,161,4,Ford,Diesel,Automatic,None,Good,28370.0
932,2010,46520,3.1,200,5,Chevrolet,Petrol,Manual,None,Good,36710.0
933,2016,100653,1.5,181,2,Ford,Petrol,Manual,None,Excellent,36750.0
934,2021,190619,3.2,220,4,Honda,Hybrid,Automatic,Major,Fair,35372.0
935,2015,56872,3.7,437,4,Mercedes,Petrol,Automatic,Minor,Good,69642.0
936,2023,121957,2.7,209,4,Nissan,Diesel,Automatic,None,Good,37913.0
937,2012,122808,1.7,87,5,Hyundai,Petrol,Automatic,None,Fair,20397.0
938,2010,35054,1.7,235,4,Kia,Petrol,Manual,None,Good,24346.0
939,2020,37061,1.0,422,2,Ford,Petrol,Automatic,Minor,Fair,46168.0
940,2016,143218,1.9,357,4,Chevrolet,Diesel,Automatic,Minor,Excellent,42010.0
941,2023,88304,4.3,171,4,Kia,Hybrid,Automatic,Major,Good,42525.0
942,2022,66976,3.3,215,2,Hyundai,Hybrid,Automatic,None,Good,51282.0
943,2022,14701,4.6,340,2,Ford,Diesel,Manual,None,Fair,56872.0
944,2022,25910,3.2,230,4,Hyundai,Petrol,Automatic,Major,Good,38243.0
945,2021,166998,1.4,184,2,Honda,Petrol,Manual,None,Good,34861.0
946,2021,218948,4.6,72,5,BMW,Hybrid,Manual,Minor,Excellent,53564.0
947,2012,74134,2.3,383,4,Mercedes,Petrol,Automatic,Minor,Good,56925.0
948,2023,171960,2.8,132,4,Ford,Petrol,Automatic,None,Good,41796.0
949,2017,29064,2.1,221,4,Nissan,Petrol,Automatic,None,Good,44006.0
950,2025,20798,1.8,413,4,Honda,Hybrid,Manual,None,Good,62791.0
951,2020,204357,4.8,432,4,Chevrolet,Petrol,Automatic,Minor,Good,46253.0
952,2016,209477,2.6,105,4,Chevrolet,Petrol,Automatic,Minor,Good,30408.0
953,2024,33094,4.0,193,2,Ford,Petrol,Manual,None,Good,51746.0
954,2012,97910,2.7,147,4,Volkswagen,Petrol,Automatic,None,Good,31836.0
955,2022,196889,4.7,169,4,Toyota,Petrol,Automatic,None,Good,41269.0
956,2013,62561,1.5,88,4,BMW,Petrol,Automatic,None,Fair,40731.0
957,2022,107992,1.4,445,4,Kia,Diesel,Automatic,None,Good,50560.0
958,2010,29705,1.7,428,4,Mercedes,Hybrid,Automatic,None,Excellent,61549.0
959,2015,54111,2.3,303,4,Honda,Petrol,Automatic,None,Excellent,47531.0
960,2021,129211,3.3,320,5,Toyota,Petrol,Manual,None,Good,51883.0
961,2017,142696,3.0,145,4,Mercedes,Petrol,Automatic,None,Good,49710.0
962,2018,100496,2.8,250,4,Nissan,Petrol,Automatic,None,Fair,40488.0
963,2025,34559,2.1,335,4,Chevrolet,Petrol,Automatic,Minor,Good,56722.0
964,2023,99219,1.8,115,4,BMW,Electric,Automatic,Major,Fair,50957.0
965,2024,143125,1.7,417,4,Volkswagen,Petrol,Automatic,Major,Good,49294.0
966,2013,118628,4.2,360,5,Hyundai,Hybrid,Automatic,Major,Good,40152.0
967,2024,183499,1.6,218,4,Ford,Diesel,Automatic,None,Fair,39629.0
968,2013,18944,3.0,72,4,Mercedes,Diesel,Manual,None,Good,48871.0
969,2014,27545,3.9,143,5,Mercedes,Petrol,Automatic,None,Good,53088.0
970,2023,109625,4.9,120,5,Kia,Electric,Automatic,None,Good,49590.0
971,2014,184128,4.1,198,4,Hyundai,Petrol,Automatic,None,Good,28354.0
972,2023,30176,1.6,296,4,Kia,Petrol,Automatic,None,Good,46885.0
973,2023,112546,2.8,356,2,Nissan,Hybrid,Manual,None,Fair,52151.0
974,2014,167762,3.2,359,5,Hyundai,Petrol,Automatic,None,Good,34744.0
975,2024,19246,1.3,208,4,Nissan,Diesel,Automatic,None,Good,45912.0
976,2013,199110,3.3,331,4,Toyota,Petrol,Manual,None,Good,37233.0
977,2014,63600,4.6,397,5,Nissan,Petrol,Automatic,Major,Excellent,40799.0
978,2012,5009,1.6,131,4,Honda,Petrol,Manual,None,Good,31340.0
979,2011,36932,2.2,317,5,Kia,Hybrid,Automatic,None,Fair,32393.0
980,2013,118338,1.6,81,4,Chevrolet,Hybrid,Automatic,None,Good,23726.0
981,2016,129822,2.9,218,4,Volkswagen,Electric,Automatic,None,Good,43885.0
982,2023,43840,1.1,304,4,Kia,Petrol,Automatic,None,Good,46829.0
983,2024,16175,4.6,251,5,Chevrolet,Petrol,Automatic,None,Poor,47867.0
984,2016,96444,4.6,338,4,Volkswagen,Petrol,Automatic,None,Good,55236.0
985,2024,192480,4.4,141,4,Hyundai,Hybrid,Automatic,None,Fair,39409.0
986,2015,156005,3.8,329,4,Nissan,Petrol,Manual,None,Poor,30670.0
987,2022,22713,1.2,445,4,Hyundai,Petrol,Manual,Major,Good,48079.0
988,2013,50612,3.9,266,4,BMW,Petrol,Manual,None,Excellent,49888.0
989,2024,205108,2.5,393,5,Honda,Electric,Automatic,None,Good,61569.0
990,2016,71190,3.0,417,4,BMW,Petrol,Manual,Minor,Fair,58390.0
991,2012,157596,1.1,412,4,BMW,Petrol,Manual,None,Fair,40939.0
992,2015,183876,3.9,442,4,Hyundai,Petrol,Automatic,None,Good,43364.0
993,2021,167130,4.6,140,4,Hyundai,Petrol,Automatic,Minor,Good,38354.0
994,2013,135734,1.9,377,4,Honda,Petrol,Automatic,None,Fair,39017.0
995,2021,22813,4.5,150,5,Kia,Petrol,Automatic,Minor,Fair,37219.0
996,2013,157770,2.9,204,4,Toyota,Petrol,Automatic,None,Fair,29590.0
997,2014,58538,3.2,445,4,Toyota,Hybrid,Automatic,None,Good,59743.0
998,2011,95661,4.9,283,4,Chevrolet,Diesel,Manual,None,Fair,30269.0
999,2011,32279,1.1,329,4,Mercedes,Petrol,Automatic,Minor,Fair,46780.0
1000,2016,145033,3.4,264,4,Toyota,Hybrid,Automatic,None,Fair,49035.0
